{"cameraMode":{"drawMode":0,"name":"Shaded","section":"Shading Mode"},"sceneLighting":true,"audioPlay":false,"sceneViewState":{"showFog":true,"showMaterialUpdate":false,"showSkybox":true,"showFlares":true,"showImageEffects":true,"showParticleSystems":true},"in2DMode":false,"pivot":{"x":807.4693603515625,"y":264.00830078125,"z":-282.5474548339844},"rotation":{"x":-0.024549199268221856,"y":0.9712404608726502,"z":-0.2079095095396042,"w":-0.11385627835988999},"size":229.57815551757813,"orthographic":false}