{"cameraMode":{"drawMode":0,"name":"Shaded","section":"Shading Mode"},"sceneLighting":true,"audioPlay":false,"sceneViewState":{"showFog":true,"showMaterialUpdate":false,"showSkybox":true,"showFlares":true,"showImageEffects":true,"showParticleSystems":true},"in2DMode":false,"pivot":{"x":469.2911376953125,"y":322.031982421875,"z":-122.54387664794922},"rotation":{"x":-0.24934515357017518,"y":0.5387712121009827,"z":-0.17060339450836183,"w":-0.7864784002304077},"size":806.3054809570313,"orthographic":false}